transaction_id,user_id,timestamp,amount,payment_method,is_fraud
1,197,2024-01-31 04:02:59,100.75,card,0
2,198,2024-01-25 01:27:10,202.5,paypal,0
3,30,2024-02-22 22:39:11,37.52,paypal,0
4,145,2024-01-15 13:18:33,77.54,card,0
5,20,2024-02-04 22:40:42,91.75,voucher,0
6,48,2024-01-16 02:06:01,52.21,card,0
7,130,2024-02-02 16:07:05,20.68,card,0
8,37,2024-02-26 06:37:37,31.74,paypal,0
9,129,2024-01-23 08:38:16,97.57,paypal,1
10,132,2024-01-09 09:35:17,17.73,card,0
11,100,2024-01-15 15:13:38,128.68,card,0
12,54,2024-02-19 13:20:28,13.06,crypto,0
13,122,2024-01-26 04:13:30,69.22,voucher,0
14,25,2024-02-06 00:23:14,49.79,paypal,0
15,131,2024-01-28 11:17:58,69.23,card,0
16,9,2024-01-15 20:45:18,28.75,voucher,0
17,34,2024-02-19 15:52:32,134.89,crypto,0
18,43,2024-01-05 21:45:22,50.05,card,0
19,74,2024-01-30 21:44:00,17.0,crypto,0
20,94,2024-01-05 04:40:54,50.87,crypto,1
21,22,2024-01-11 23:34:12,16.9,voucher,0
22,70,2024-01-28 05:14:32,17.38,crypto,0
23,130,2024-02-07 07:19:25,25.51,paypal,0
24,94,2024-02-02 19:15:10,95.67,paypal,1
25,194,2024-02-06 04:29:37,34.69,card,0
26,32,2024-01-15 09:35:38,56.8,paypal,0
27,106,2024-02-12 23:37:56,24.88,paypal,0
28,144,2024-02-23 22:51:30,15.3,voucher,0
29,1,2024-01-31 06:28:22,154.66,card,0
30,72,2024-01-12 15:16:34,46.26,card,0
31,176,2024-01-03 19:05:31,135.87,card,0
32,50,2024-01-31 20:56:06,11.37,paypal,0
33,141,2024-01-03 02:30:29,7.94,paypal,0
34,15,2024-01-17 20:04:34,96.84,card,0
35,53,2024-02-24 16:25:45,57.12,card,0
36,172,2024-01-27 20:29:16,10.33,card,0
37,8,2024-02-02 04:12:19,15.69,card,0
38,74,2024-01-04 06:42:51,80.64,paypal,0
39,46,2024-01-04 03:23:00,30.24,card,0
40,69,2024-02-09 16:50:46,55.52,card,1
41,114,2024-02-01 23:39:53,19.16,card,0
42,147,2024-02-14 13:45:23,24.0,card,0
43,166,2024-02-09 19:43:48,233.95,paypal,0
44,123,2024-01-01 04:03:47,14.23,card,0
45,139,2024-02-07 03:39:17,35.31,crypto,0
46,117,2024-01-03 00:49:22,93.02,card,0
47,43,2024-01-10 07:11:14,13.67,card,0
48,20,2024-02-15 16:56:06,26.83,card,0
49,148,2024-02-29 17:31:07,47.74,paypal,0
50,21,2024-02-14 16:17:49,32.81,card,0
51,82,2024-02-14 21:26:22,30.76,voucher,0
52,57,2024-02-15 02:05:26,22.51,paypal,0
53,178,2024-02-13 09:30:20,44.17,card,0
54,74,2024-01-18 03:43:56,48.96,paypal,0
55,98,2024-02-16 22:41:18,52.96,voucher,0
56,154,2024-01-23 19:40:19,3.65,card,0
57,158,2024-01-15 23:13:54,49.85,card,0
58,110,2024-01-26 19:42:39,153.13,paypal,0
59,115,2024-01-20 04:02:16,38.93,card,0
60,159,2024-02-03 10:04:51,62.81,voucher,1
61,42,2024-02-07 08:45:12,40.68,card,0
62,68,2024-02-21 23:09:10,96.46,card,0
63,189,2024-02-06 04:31:05,132.67,voucher,0
64,189,2024-02-04 15:34:23,10.18,crypto,0
65,70,2024-01-14 08:20:24,28.71,card,1
66,78,2024-02-28 21:05:33,24.91,voucher,0
67,196,2024-02-23 07:38:45,25.98,card,0
68,90,2024-02-11 13:07:20,6.71,card,0
69,111,2024-02-20 18:10:21,84.0,voucher,0
70,112,2024-02-11 06:22:20,1.82,card,0
71,103,2024-02-25 17:35:44,37.56,card,0
72,145,2024-01-15 15:10:09,54.22,card,0
73,19,2024-01-28 10:05:57,11.63,paypal,0
74,179,2024-01-02 10:06:48,118.14,card,0
75,70,2024-01-09 06:21:22,91.18,card,0
76,63,2024-02-08 23:59:00,31.85,paypal,0
77,75,2024-02-12 09:43:54,26.48,card,0
78,158,2024-01-20 23:49:02,13.5,paypal,0
79,153,2024-02-02 09:38:50,65.47,crypto,0
80,104,2024-02-10 06:49:56,7.06,card,0
81,75,2024-01-11 06:36:23,57.01,card,0
82,128,2024-02-11 06:05:17,92.4,card,0
83,199,2024-01-15 10:13:43,12.97,paypal,0
84,154,2024-01-10 03:35:55,100.66,crypto,0
85,56,2024-02-04 06:27:45,1.69,card,0
86,22,2024-02-11 22:40:22,121.97,card,0
87,89,2024-02-08 15:22:10,6.3,card,0
88,19,2024-02-15 22:44:52,51.89,card,0
89,159,2024-02-24 21:42:16,14.39,card,1
90,26,2024-02-23 05:14:30,90.56,crypto,0
91,170,2024-02-14 04:45:39,35.9,card,0
92,169,2024-01-21 14:53:29,7.27,paypal,0
93,23,2024-01-19 08:28:17,42.31,card,0
94,47,2024-02-04 04:34:07,26.2,card,0
95,13,2024-01-26 12:52:22,54.15,card,0
96,66,2024-01-17 07:23:05,106.81,paypal,0
97,194,2024-01-10 19:45:08,26.33,card,0
98,144,2024-02-18 20:09:35,17.12,card,0
99,73,2024-02-17 20:33:58,0.73,card,0
100,156,2024-02-14 01:43:39,42.76,paypal,0
101,77,2024-01-19 13:26:58,25.73,card,0
102,163,2024-01-12 18:00:15,23.47,card,0
103,169,2024-01-27 01:01:16,10.1,crypto,0
104,31,2024-01-09 07:28:55,28.11,crypto,0
105,85,2024-01-03 07:20:24,208.16,card,0
106,160,2024-01-20 05:23:24,17.67,paypal,0
107,182,2024-02-23 03:39:13,45.78,card,0
108,200,2024-02-11 22:36:31,74.91,paypal,0
109,59,2024-01-20 16:04:05,69.15,crypto,0
110,41,2024-01-24 12:23:14,19.93,card,0
111,112,2024-01-13 13:12:29,47.19,paypal,0
112,194,2024-02-03 10:19:01,102.5,card,0
113,96,2024-02-19 04:53:22,0.78,card,0
114,182,2024-01-05 03:10:23,28.61,paypal,0
115,168,2024-01-22 01:01:15,12.7,voucher,0
116,122,2024-02-12 11:43:13,24.6,card,0
117,156,2024-02-15 17:02:33,26.89,card,0
118,165,2024-01-08 23:11:11,68.65,card,0
119,105,2024-01-09 02:30:07,4.93,voucher,0
120,193,2024-02-22 06:44:10,35.93,paypal,0
121,74,2024-01-13 18:00:09,41.53,paypal,0
122,183,2024-02-19 13:59:28,34.08,card,0
123,132,2024-01-25 04:24:30,65.81,crypto,0
124,99,2024-02-14 09:00:12,24.21,crypto,0
125,126,2024-01-04 21:28:06,144.99,paypal,0
126,138,2024-02-12 07:25:26,32.87,card,0
127,175,2024-02-09 08:26:12,42.34,card,0
128,75,2024-01-19 04:08:54,87.3,card,0
129,14,2024-02-25 08:38:03,16.1,paypal,0
130,38,2024-02-29 21:29:19,3.91,card,0
131,140,2024-01-16 11:24:48,61.51,paypal,0
132,45,2024-02-22 02:01:00,32.99,card,0
133,145,2024-01-22 09:56:21,113.41,paypal,0
134,163,2024-01-12 09:11:10,202.79,card,0
135,194,2024-01-09 01:16:06,25.47,card,0
136,75,2024-02-06 04:32:36,26.84,card,0
137,169,2024-01-12 17:07:38,26.21,card,0
138,195,2024-01-24 18:42:58,19.62,card,0
139,29,2024-02-29 12:06:12,76.09,crypto,0
140,18,2024-02-27 14:39:37,71.15,card,0
141,20,2024-01-23 08:09:06,32.57,card,0
142,14,2024-01-05 19:26:15,2.28,card,0
143,162,2024-01-06 16:52:21,18.52,card,0
144,177,2024-01-29 15:02:43,17.29,card,0
145,54,2024-02-27 03:30:36,83.32,card,0
146,31,2024-01-07 12:20:26,4.58,card,0
147,58,2024-02-08 11:29:10,81.91,card,0
148,104,2024-02-05 09:45:30,55.31,paypal,0
149,170,2024-01-27 00:12:33,65.92,card,0
150,186,2024-02-25 14:30:25,28.3,card,0
151,128,2024-02-26 13:21:05,56.93,card,0
152,158,2024-01-02 08:11:28,46.96,crypto,0
153,25,2024-02-28 02:10:01,73.26,paypal,0
154,191,2024-02-16 14:17:21,29.6,paypal,0
155,19,2024-01-15 07:01:49,32.01,card,0
156,200,2024-01-10 13:19:58,51.58,crypto,0
157,136,2024-01-28 20:37:50,5.72,card,0
158,3,2024-02-11 02:11:01,28.66,card,0
159,195,2024-01-27 23:30:07,178.69,paypal,0
160,86,2024-02-10 23:29:08,1.91,card,0
161,145,2024-01-27 12:15:45,18.99,voucher,0
162,142,2024-01-28 20:29:43,18.85,card,0
163,9,2024-02-16 07:02:30,50.18,voucher,0
164,190,2024-02-02 09:16:24,5.59,paypal,0
165,94,2024-01-31 16:33:38,49.52,card,1
166,149,2024-02-09 00:45:37,4.99,card,0
167,165,2024-02-06 08:39:05,4.99,card,0
168,139,2024-01-15 04:16:48,65.13,voucher,0
169,20,2024-02-06 22:57:01,19.59,card,0
170,35,2024-02-16 14:49:00,189.54,paypal,0
171,53,2024-02-27 17:47:18,1.9,voucher,0
172,175,2024-01-31 13:45:37,29.45,card,0
173,110,2024-02-15 10:00:48,6.0,card,0
174,180,2024-01-02 07:07:43,21.65,paypal,0
175,136,2024-01-18 00:36:56,316.63,card,0
176,4,2024-01-26 05:25:05,109.84,card,0
177,155,2024-01-20 20:10:17,2.48,card,0
178,172,2024-02-23 10:42:05,41.42,card,0
179,168,2024-01-09 14:44:41,52.18,paypal,0
180,102,2024-01-22 16:46:21,11.76,card,0
181,47,2024-01-12 00:07:52,7.84,voucher,0
182,94,2024-01-30 21:20:28,117.37,card,0
183,172,2024-02-06 21:55:20,173.39,paypal,0
184,48,2024-01-17 15:20:30,240.75,card,0
185,91,2024-01-28 16:31:43,77.98,card,0
186,180,2024-01-08 00:01:49,54.46,card,0
187,84,2024-02-10 12:51:54,21.21,paypal,0
188,68,2024-02-03 23:18:45,9.4,crypto,0
189,139,2024-01-14 22:07:20,4.11,card,0
190,125,2024-01-24 02:49:15,59.09,card,0
191,73,2024-01-15 02:45:20,76.79,card,0
192,4,2024-02-22 09:41:41,87.57,card,0
193,76,2024-01-03 01:41:35,122.53,paypal,0
194,73,2024-01-12 17:08:00,105.98,crypto,0
195,77,2024-01-10 14:57:15,412.99,card,0
196,48,2024-01-06 16:23:22,13.99,voucher,0
197,154,2024-01-08 03:10:22,72.05,card,0
198,102,2024-01-09 23:44:48,44.15,paypal,0
199,106,2024-01-29 11:12:44,15.14,card,0
200,77,2024-01-04 07:22:04,200.61,card,0
201,39,2024-02-20 08:15:55,114.09,card,0
202,58,2024-02-07 16:37:11,6.88,card,0
203,19,2024-02-06 16:01:14,1.33,paypal,0
204,88,2024-02-27 16:35:30,58.29,paypal,0
205,113,2024-02-22 03:27:51,46.33,card,0
206,77,2024-02-05 19:17:00,137.3,crypto,0
207,77,2024-01-11 08:18:29,13.33,card,0
208,186,2024-01-02 04:39:34,4.41,paypal,0
209,28,2024-02-29 13:42:20,15.0,card,0
210,66,2024-02-09 16:13:50,0.96,card,0
211,10,2024-02-13 17:37:21,1.83,card,0
212,126,2024-02-12 17:54:39,123.17,card,0
213,58,2024-02-18 04:59:52,21.69,paypal,0
214,142,2024-01-06 21:50:37,26.45,card,0
215,125,2024-02-19 01:06:38,0.93,card,1
216,112,2024-01-29 12:11:40,15.77,card,0
217,84,2024-02-14 01:19:23,81.67,paypal,0
218,143,2024-01-27 14:43:20,47.79,paypal,0
219,96,2024-02-20 12:53:44,70.08,card,0
220,33,2024-02-08 03:46:19,29.64,card,0
221,145,2024-02-03 18:27:39,18.53,paypal,0
222,152,2024-02-14 20:44:47,32.97,card,0
223,158,2024-01-02 04:58:04,19.51,card,0
224,190,2024-02-07 11:51:58,91.31,card,0
225,141,2024-02-27 11:18:24,17.67,card,0
226,190,2024-01-28 15:50:04,53.91,card,0
227,47,2024-01-18 04:50:15,7.37,paypal,0
228,112,2024-01-12 02:36:57,58.06,card,0
229,144,2024-02-12 23:58:34,122.26,paypal,0
230,194,2024-01-15 12:16:54,46.9,card,0
231,43,2024-02-22 21:13:25,41.03,crypto,0
232,8,2024-01-17 03:11:33,162.36,card,0
233,3,2024-02-07 18:54:53,49.36,card,0
234,125,2024-01-05 21:54:10,15.02,card,1
235,12,2024-01-02 14:03:06,17.29,card,0
236,84,2024-01-19 23:53:12,61.09,card,0
237,16,2024-01-18 16:34:40,66.48,paypal,1
238,78,2024-01-18 01:17:27,18.08,card,0
239,59,2024-01-02 09:14:33,21.18,voucher,0
240,177,2024-01-05 22:26:26,235.84,voucher,0
241,63,2024-02-23 01:55:33,5.38,card,0
242,190,2024-02-18 19:20:48,25.93,voucher,0
243,49,2024-01-21 06:34:48,3.22,card,0
244,51,2024-02-28 06:32:07,86.04,card,0
245,33,2024-02-22 01:53:13,4.84,card,0
246,30,2024-01-04 18:13:17,56.04,card,0
247,187,2024-01-20 01:58:04,2.91,card,0
248,76,2024-02-23 23:18:08,55.87,voucher,0
249,15,2024-01-05 14:23:13,92.59,card,0
250,82,2024-01-09 13:15:00,25.44,card,0
251,92,2024-01-24 21:22:51,36.92,crypto,0
252,23,2024-01-31 12:02:31,25.67,card,0
253,94,2024-01-01 00:41:17,17.87,card,0
254,45,2024-01-15 10:41:35,81.29,paypal,0
255,62,2024-02-28 12:04:52,15.87,card,0
256,199,2024-01-15 19:05:38,64.18,card,0
257,15,2024-02-12 04:43:43,11.55,card,0
258,46,2024-02-20 03:06:56,14.37,card,0
259,64,2024-02-22 12:54:31,20.51,voucher,0
260,174,2024-02-09 05:25:04,44.48,crypto,0
261,184,2024-01-11 01:00:40,30.3,card,0
262,172,2024-02-22 20:50:23,68.35,card,0
263,75,2024-01-08 17:16:39,12.01,card,0
264,157,2024-01-02 07:01:10,0.54,voucher,0
265,190,2024-01-29 22:21:19,74.93,card,0
266,52,2024-01-11 10:17:37,86.2,card,0
267,182,2024-01-22 01:23:16,3.07,paypal,0
268,88,2024-02-10 15:29:15,47.2,voucher,0
269,57,2024-01-08 21:40:07,23.76,card,0
270,83,2024-01-14 14:53:27,78.97,card,0
271,66,2024-02-15 19:51:52,103.74,card,0
272,150,2024-01-05 02:43:18,95.19,card,0
273,20,2024-01-11 08:55:09,75.07,paypal,0
274,33,2024-02-10 05:41:34,15.67,paypal,0
275,72,2024-01-02 08:30:54,83.54,paypal,0
276,25,2024-01-09 13:40:32,38.12,card,0
277,46,2024-02-05 14:34:44,2.71,card,0
278,73,2024-02-12 14:04:50,30.53,card,0
279,98,2024-01-21 00:22:42,142.5,card,0
280,57,2024-01-10 02:59:29,109.4,paypal,1
281,87,2024-02-18 15:32:40,5.39,card,0
282,133,2024-02-10 03:18:21,68.15,card,1
283,55,2024-01-03 11:27:14,81.94,card,0
284,61,2024-01-23 11:37:16,15.83,card,0
285,89,2024-02-24 07:05:57,31.9,card,0
286,8,2024-02-11 02:47:30,62.06,crypto,0
287,16,2024-01-23 18:03:03,28.91,card,0
288,176,2024-02-01 02:15:30,5.98,paypal,0
289,116,2024-01-04 19:27:12,61.19,card,0
290,61,2024-02-11 07:09:09,121.32,card,0
291,15,2024-02-06 23:23:51,52.85,voucher,0
292,193,2024-01-10 02:04:06,74.32,card,0
293,150,2024-02-15 16:16:30,22.19,paypal,0
294,131,2024-01-10 00:38:21,10.12,card,0
295,102,2024-01-08 20:46:43,51.47,card,0
296,54,2024-02-28 21:46:26,19.86,paypal,0
297,14,2024-02-22 22:52:01,98.33,crypto,0
298,36,2024-01-21 04:36:22,6.54,crypto,0
299,105,2024-02-08 08:09:36,28.41,card,0
300,82,2024-01-21 01:14:47,25.27,card,0
301,67,2024-01-01 08:17:29,139.07,paypal,0
302,10,2024-01-21 07:25:29,8.31,paypal,0
303,49,2024-01-02 12:56:15,0.49,card,0
304,111,2024-01-04 00:45:37,13.6,card,0
305,65,2024-02-05 07:43:31,85.82,crypto,0
306,57,2024-01-30 18:49:57,11.74,card,1
307,27,2024-01-15 15:07:45,13.78,card,0
308,113,2024-01-03 23:54:59,6.96,crypto,0
309,133,2024-01-21 13:17:37,62.84,card,1
310,71,2024-01-11 01:26:01,3.58,card,0
311,83,2024-02-11 11:27:33,20.11,paypal,0
312,57,2024-01-16 14:22:49,16.6,card,0
313,120,2024-02-16 09:48:27,40.5,paypal,0
314,93,2024-01-30 05:20:15,65.54,card,0
315,15,2024-02-03 14:19:54,38.06,card,0
316,111,2024-01-18 15:25:54,133.7,card,0
317,101,2024-02-08 02:16:59,151.25,voucher,0
318,119,2024-02-01 19:27:17,22.43,card,0
319,76,2024-01-12 09:50:30,75.18,card,0
320,158,2024-01-20 10:13:29,67.12,card,0
321,20,2024-01-27 15:36:40,111.73,card,0
322,165,2024-01-18 01:04:09,29.71,card,0
323,131,2024-01-08 01:21:55,37.8,card,0
324,73,2024-01-16 13:47:46,26.87,card,0
325,122,2024-02-14 00:03:37,94.98,card,0
326,41,2024-02-03 13:26:19,13.05,paypal,0
327,167,2024-01-11 21:05:12,13.7,paypal,0
328,154,2024-01-18 01:41:47,23.31,card,0
329,130,2024-01-07 22:25:03,13.09,card,0
330,23,2024-01-17 11:32:14,41.16,paypal,0
331,23,2024-02-26 11:16:46,7.22,paypal,0
332,144,2024-01-03 10:52:16,19.3,card,0
333,9,2024-01-15 03:52:05,122.35,voucher,0
334,13,2024-02-26 05:04:47,26.32,card,0
335,156,2024-01-16 13:53:40,68.96,card,0
336,155,2024-01-03 23:51:25,6.02,card,0
337,51,2024-01-16 03:39:58,14.22,voucher,0
338,64,2024-02-05 09:41:26,82.34,card,0
339,52,2024-02-10 10:42:40,71.98,paypal,0
340,38,2024-01-19 01:11:17,24.4,card,0
341,100,2024-02-06 18:31:56,154.39,card,0
342,193,2024-01-03 18:23:07,120.76,card,0
343,146,2024-02-29 21:13:20,163.91,crypto,0
344,191,2024-02-25 16:28:04,27.92,card,0
345,51,2024-01-02 20:37:26,11.0,card,0
346,137,2024-01-13 13:06:47,49.26,card,0
347,141,2024-01-27 21:22:05,57.72,crypto,0
348,168,2024-02-21 21:18:55,6.7,card,0
349,55,2024-01-01 23:02:08,77.2,card,0
350,109,2024-02-20 07:37:19,0.91,card,0
351,171,2024-02-22 07:41:49,32.96,voucher,1
352,44,2024-01-10 05:17:17,20.1,crypto,0
353,110,2024-02-22 02:44:12,67.41,paypal,0
354,196,2024-01-03 10:46:23,18.75,card,0
355,161,2024-02-15 09:50:47,87.67,card,0
356,152,2024-02-27 03:42:43,45.19,voucher,0
357,164,2024-01-22 20:32:59,78.97,card,0
358,128,2024-01-01 02:33:16,227.07,card,0
359,105,2024-01-16 08:38:52,56.84,card,0
360,10,2024-01-01 13:40:02,209.82,voucher,0
361,100,2024-01-02 15:29:43,1.46,card,0
362,148,2024-02-27 22:28:01,20.64,card,0
363,109,2024-02-24 12:07:00,5.71,crypto,0
364,108,2024-02-15 23:03:32,15.21,card,0
365,140,2024-02-24 07:21:57,91.28,card,0
366,190,2024-01-30 21:05:49,1.64,voucher,0
367,146,2024-02-16 01:10:42,36.72,voucher,0
368,94,2024-01-31 18:44:12,41.87,crypto,0
369,63,2024-01-12 10:40:14,41.18,paypal,0
370,84,2024-01-19 06:22:20,32.25,card,0
371,25,2024-02-22 10:59:29,78.18,voucher,0
372,12,2024-02-26 07:27:21,7.17,card,0
373,149,2024-01-01 17:05:56,18.6,crypto,0
374,25,2024-01-24 20:06:03,47.82,voucher,0
375,11,2024-02-03 12:26:24,58.71,paypal,0
376,64,2024-01-26 03:38:17,25.89,crypto,0
377,126,2024-01-30 01:30:58,104.12,paypal,0
378,50,2024-01-02 22:55:42,26.85,card,0
379,190,2024-01-25 02:20:22,25.77,paypal,0
380,89,2024-01-19 04:01:16,1.84,card,0
381,99,2024-02-27 13:34:40,40.05,card,0
382,116,2024-01-04 17:42:08,61.67,card,1
383,96,2024-02-25 08:45:45,6.08,card,0
384,177,2024-02-03 06:37:58,18.22,crypto,0
385,14,2024-02-01 12:41:22,75.99,voucher,0
386,1,2024-01-03 02:49:14,22.78,card,0
387,25,2024-01-26 23:22:16,13.83,card,0
388,187,2024-02-02 22:19:50,55.77,card,1
389,72,2024-01-04 06:26:38,10.96,voucher,0
390,69,2024-02-17 19:43:57,113.0,card,0
391,133,2024-01-16 14:26:43,5.58,paypal,0
392,105,2024-02-15 01:34:33,61.3,voucher,0
393,147,2024-02-03 13:56:17,34.61,card,0
394,23,2024-01-04 20:27:01,101.98,voucher,0
395,9,2024-02-04 17:02:15,6.74,voucher,0
396,118,2024-02-25 09:55:13,56.64,voucher,0
397,94,2024-02-03 18:00:38,42.44,card,0
398,178,2024-01-28 12:40:48,32.7,card,0
399,144,2024-01-21 22:07:42,33.81,crypto,0
400,33,2024-01-22 15:41:40,64.0,card,0
401,130,2024-02-26 13:40:12,138.82,paypal,0
402,14,2024-01-05 18:27:52,4.78,card,0
403,1,2024-02-15 22:06:24,0.98,card,0
404,90,2024-02-10 23:09:43,81.92,card,0
405,186,2024-01-05 05:28:41,5.72,card,0
406,89,2024-01-14 07:51:07,215.99,card,0
407,144,2024-02-19 02:39:06,48.29,card,0
408,90,2024-02-17 17:08:08,52.62,card,0
409,175,2024-02-19 08:45:41,11.09,paypal,1
410,172,2024-02-09 19:49:41,13.74,paypal,0
411,14,2024-02-19 12:03:13,53.85,card,0
412,152,2024-01-13 06:28:03,120.25,card,0
413,111,2024-02-25 13:47:22,201.97,card,0
414,183,2024-01-31 00:30:48,11.03,card,1
415,143,2024-01-05 05:35:46,7.2,card,0
416,83,2024-02-03 10:54:22,2.9,card,0
417,72,2024-01-03 03:26:46,101.36,card,0
418,162,2024-01-05 01:59:46,17.46,paypal,0
419,130,2024-02-28 00:41:50,0.09,card,0
420,27,2024-01-14 23:12:30,12.67,voucher,0
421,74,2024-01-06 09:42:49,20.81,card,0
422,99,2024-01-02 04:29:50,235.45,voucher,0
423,72,2024-02-19 20:33:52,37.07,card,0
424,23,2024-01-03 05:32:28,11.45,card,0
425,68,2024-01-12 14:59:11,20.38,card,1
426,142,2024-02-01 04:26:55,20.05,card,0
427,191,2024-01-18 23:54:01,1.0,card,0
428,117,2024-02-01 03:41:40,7.26,card,0
429,106,2024-02-20 23:20:38,59.4,paypal,0
430,93,2024-02-22 23:32:50,6.41,card,0
431,65,2024-02-17 13:31:14,13.12,paypal,0
432,68,2024-01-25 19:00:23,21.6,card,1
433,128,2024-02-29 09:05:53,70.89,voucher,0
434,63,2024-01-15 00:07:10,43.66,card,0
435,113,2024-02-08 06:37:31,58.4,card,0
436,90,2024-01-09 15:14:54,41.85,card,0
437,81,2024-01-18 07:00:15,57.54,card,0
438,103,2024-02-14 07:57:16,0.14,card,0
439,192,2024-01-08 06:05:13,133.61,card,0
440,160,2024-02-21 08:28:26,5.88,paypal,0
441,116,2024-02-13 03:11:21,26.06,voucher,0
442,13,2024-02-15 21:54:50,73.71,card,0
443,194,2024-02-07 03:52:00,28.57,voucher,0
444,124,2024-02-03 23:12:39,146.72,voucher,0
445,147,2024-01-11 22:04:04,31.52,crypto,0
446,152,2024-02-17 05:39:59,103.95,card,0
447,88,2024-01-18 17:36:20,83.25,card,0
448,11,2024-01-04 22:36:43,198.13,card,0
449,187,2024-02-04 07:29:28,130.56,paypal,0
450,15,2024-01-30 06:16:21,114.2,card,0
451,10,2024-01-20 21:25:22,65.76,card,0
452,41,2024-01-14 08:03:56,22.86,card,0
453,155,2024-02-17 04:43:28,5.61,card,0
454,188,2024-01-29 08:56:26,58.34,paypal,0
455,73,2024-01-18 09:37:45,192.34,card,0
456,52,2024-02-17 09:40:33,64.84,paypal,0
457,128,2024-02-20 16:19:09,132.06,paypal,0
458,28,2024-01-28 18:58:39,81.56,card,0
459,65,2024-01-13 11:15:13,8.9,card,0
460,17,2024-02-02 15:15:33,14.33,paypal,0
461,95,2024-02-21 13:35:49,20.92,card,0
462,172,2024-02-15 00:57:10,9.21,card,0
463,138,2024-01-01 08:47:21,43.57,card,0
464,63,2024-01-11 09:50:04,185.35,card,0
465,175,2024-01-15 12:39:35,71.66,card,1
466,38,2024-01-07 02:07:03,27.53,card,0
467,70,2024-02-23 08:38:40,0.23,card,0
468,104,2024-02-07 21:10:46,18.79,card,0
469,53,2024-02-19 17:55:03,37.41,crypto,0
470,172,2024-01-10 22:17:10,19.6,card,0
471,119,2024-02-19 05:56:05,5.88,crypto,0
472,74,2024-01-24 10:08:04,29.24,card,0
473,54,2024-02-15 09:10:31,14.6,paypal,0
474,20,2024-02-26 14:24:05,119.97,card,0
475,79,2024-02-08 13:38:54,5.37,paypal,0
476,31,2024-02-21 17:15:47,2.52,card,0
477,135,2024-01-14 02:34:38,0.27,paypal,0
478,58,2024-02-08 02:21:24,19.88,card,0
479,105,2024-02-14 00:55:09,54.0,card,0
480,10,2024-01-14 22:03:58,65.54,card,0
481,10,2024-02-08 03:15:44,30.19,crypto,0
482,39,2024-02-06 13:55:12,57.65,paypal,0
483,156,2024-01-22 13:16:50,22.31,card,0
484,158,2024-02-14 01:32:55,55.1,paypal,0
485,37,2024-01-26 00:49:50,2.07,paypal,0
486,119,2024-01-17 16:04:57,24.78,voucher,0
487,67,2024-01-23 02:16:47,78.24,crypto,1
488,43,2024-01-03 19:44:35,81.23,paypal,0
489,52,2024-01-18 19:14:23,62.97,card,0
490,101,2024-01-05 16:03:54,11.42,paypal,0
491,56,2024-02-19 15:41:18,14.2,card,0
492,76,2024-01-07 13:13:12,277.19,voucher,0
493,68,2024-01-10 18:05:46,5.46,card,0
494,137,2024-01-30 11:11:53,9.96,card,0
495,106,2024-02-27 15:17:00,6.96,card,0
496,125,2024-01-12 00:59:11,19.85,paypal,0
497,92,2024-01-10 21:02:08,11.8,voucher,0
498,23,2024-02-10 17:57:53,34.43,card,0
499,191,2024-02-28 08:36:48,32.32,paypal,0
500,109,2024-01-24 12:48:44,115.89,paypal,0
501,61,2024-02-10 06:25:01,1.77,paypal,0
502,168,2024-01-09 11:44:46,19.27,card,0
503,44,2024-02-02 02:39:30,45.4,crypto,0
504,152,2024-02-20 18:17:40,46.42,card,0
505,179,2024-01-03 14:04:50,32.71,paypal,0
506,186,2024-02-04 08:15:25,84.55,card,0
507,161,2024-01-08 22:52:22,3.24,card,0
508,16,2024-02-28 22:36:05,84.5,crypto,0
509,22,2024-02-07 04:22:27,34.14,card,0
510,57,2024-01-04 10:42:38,7.18,card,1
511,62,2024-01-12 05:37:27,108.45,paypal,0
512,107,2024-01-02 07:48:39,52.38,card,0
513,71,2024-01-17 13:40:36,8.93,card,0
514,90,2024-02-13 18:40:47,1.71,card,0
515,72,2024-02-14 02:07:18,7.61,card,0
516,70,2024-02-28 22:15:00,46.93,card,1
517,30,2024-02-07 20:08:39,9.88,card,0
518,103,2024-02-15 04:27:24,12.79,voucher,0
519,151,2024-02-07 13:35:27,1.27,card,0
520,32,2024-01-28 01:33:48,64.17,card,0
521,86,2024-01-20 08:50:40,83.13,card,0
522,57,2024-02-16 20:35:14,79.69,card,0
523,109,2024-01-03 14:53:50,6.82,paypal,0
524,9,2024-01-08 01:41:32,116.81,paypal,0
525,31,2024-02-11 11:33:39,55.78,card,0
526,71,2024-02-24 00:29:29,113.91,card,0
527,137,2024-01-30 12:41:52,29.63,card,0
528,13,2024-01-06 17:11:32,28.72,paypal,0
529,186,2024-01-04 04:29:34,76.75,card,0
530,131,2024-01-02 23:52:37,4.9,card,0
531,35,2024-02-08 06:11:43,36.79,card,0
532,21,2024-01-16 06:48:17,90.51,paypal,0
533,64,2024-01-06 17:47:43,88.65,crypto,0
534,95,2024-01-11 22:08:41,156.33,voucher,0
535,180,2024-02-06 10:29:52,59.91,card,0
536,34,2024-01-22 17:49:15,11.65,card,0
537,121,2024-01-09 15:58:09,1.02,card,0
538,163,2024-02-25 20:59:08,32.64,paypal,0
539,15,2024-01-05 13:24:12,36.05,voucher,0
540,120,2024-01-23 10:09:20,13.74,card,0
541,96,2024-01-20 13:11:30,6.66,card,0
542,6,2024-02-15 19:31:10,44.12,card,0
543,109,2024-01-21 04:58:31,72.25,card,0
544,97,2024-01-21 21:09:15,249.21,card,0
545,32,2024-02-01 02:17:13,71.0,card,0
546,180,2024-02-21 00:55:50,78.9,card,0
547,83,2024-02-07 02:02:00,47.92,card,0
548,156,2024-02-09 16:00:52,213.16,paypal,0
549,118,2024-02-05 06:45:34,51.08,card,0
550,192,2024-02-01 06:24:31,98.4,card,0
551,79,2024-02-24 18:50:50,145.74,card,0
552,78,2024-01-19 19:15:29,132.86,crypto,0
553,147,2024-02-19 11:14:13,24.02,paypal,0
554,107,2024-02-17 13:33:07,4.1,card,0
555,126,2024-02-04 15:25:28,9.43,card,0
556,15,2024-02-28 06:06:32,3.05,card,0
557,134,2024-01-11 09:27:36,5.57,paypal,0
558,73,2024-01-17 12:04:18,10.21,paypal,0
559,101,2024-01-06 11:26:53,20.86,crypto,0
560,98,2024-01-16 00:00:56,39.21,card,0
561,166,2024-01-26 11:53:33,62.18,voucher,1
562,26,2024-01-04 00:38:40,11.84,voucher,0
563,92,2024-02-04 04:41:29,55.82,crypto,0
564,125,2024-01-22 01:14:26,60.91,card,0
565,179,2024-01-28 20:26:17,40.89,card,0
566,73,2024-02-18 14:56:48,116.97,card,0
567,123,2024-02-26 11:16:22,5.88,card,0
568,53,2024-01-23 00:22:55,9.75,card,0
569,184,2024-01-07 17:05:12,27.99,paypal,0
570,187,2024-02-28 11:21:35,6.77,paypal,1
571,198,2024-02-28 17:44:19,41.77,voucher,0
572,78,2024-02-25 22:58:12,25.41,card,0
573,92,2024-02-27 01:56:25,16.75,card,0
574,186,2024-02-29 07:46:36,9.32,paypal,0
575,88,2024-02-17 10:55:21,20.42,card,0
576,13,2024-02-12 07:08:33,46.82,card,0
577,43,2024-01-27 06:09:17,42.88,voucher,0
578,76,2024-02-11 23:09:28,8.93,paypal,0
579,51,2024-01-12 17:39:50,6.67,card,0
580,19,2024-01-19 19:36:02,1.35,crypto,0
581,149,2024-01-02 15:32:47,0.63,paypal,1
582,122,2024-01-01 15:56:37,105.93,paypal,0
583,24,2024-02-01 00:31:44,2.31,crypto,0
584,26,2024-01-12 22:07:58,65.69,card,0
585,173,2024-02-18 14:21:06,102.78,paypal,0
586,156,2024-02-12 18:23:10,5.16,card,0
587,120,2024-02-23 00:33:02,28.66,card,0
588,82,2024-01-25 23:47:45,163.91,voucher,0
589,100,2024-01-14 23:50:54,89.83,card,0
590,157,2024-02-04 22:54:33,33.64,paypal,0
591,17,2024-02-23 18:47:06,71.89,crypto,0
592,68,2024-02-14 13:15:43,89.6,voucher,0
593,44,2024-01-21 14:07:07,21.39,crypto,0
594,61,2024-01-24 01:32:46,111.35,card,0
595,123,2024-01-30 04:01:17,31.79,card,0
596,93,2024-02-17 10:46:19,37.52,card,0
597,196,2024-02-08 18:32:49,406.88,card,0
598,74,2024-02-14 16:42:03,92.67,card,0
599,153,2024-01-21 22:47:21,22.45,card,0
600,67,2024-02-19 21:38:49,0.52,paypal,0
601,111,2024-01-03 18:05:59,49.2,voucher,0
602,2,2024-02-12 22:43:24,60.86,paypal,0
603,89,2024-02-14 15:52:54,52.61,paypal,0
604,177,2024-02-02 18:16:31,171.89,card,0
605,198,2024-02-19 08:57:13,99.38,card,0
606,26,2024-01-14 13:04:29,29.79,card,0
607,200,2024-02-01 19:31:41,3.25,paypal,0
608,99,2024-02-14 05:48:15,32.32,card,0
609,27,2024-02-08 23:35:14,58.44,paypal,0
610,89,2024-01-12 15:16:17,46.79,card,0
611,146,2024-01-17 23:59:31,38.62,card,0
612,182,2024-02-15 18:19:58,31.63,card,0
613,1,2024-01-29 05:08:47,17.39,card,0
614,189,2024-01-18 01:23:39,16.24,card,0
615,103,2024-02-07 01:47:54,34.68,paypal,0
616,131,2024-02-12 13:56:01,8.75,paypal,0
617,196,2024-01-21 11:55:20,20.83,card,0
618,41,2024-02-02 03:35:55,19.58,crypto,0
619,165,2024-02-20 08:23:55,44.23,card,0
620,51,2024-01-13 19:28:55,3.45,voucher,0
621,15,2024-01-24 01:17:05,88.5,card,0
622,8,2024-01-19 05:33:17,41.32,paypal,0
623,38,2024-02-18 16:47:16,55.56,card,0
624,114,2024-01-26 01:28:08,60.72,card,0
625,83,2024-01-22 04:03:18,17.23,card,1
626,56,2024-02-07 07:59:19,31.78,card,0
627,175,2024-01-06 21:19:41,156.46,card,0
628,103,2024-02-26 20:16:10,72.77,card,0
629,138,2024-02-21 01:13:39,174.59,voucher,0
630,102,2024-02-19 14:50:22,68.57,crypto,0
631,78,2024-01-20 20:19:56,9.65,paypal,0
632,177,2024-01-03 15:29:55,3.34,paypal,0
633,169,2024-01-13 21:35:34,43.1,voucher,0
634,83,2024-02-26 11:12:25,22.14,card,0
635,30,2024-01-19 00:08:35,16.11,card,0
636,5,2024-02-21 17:06:25,82.31,crypto,0
637,119,2024-02-10 19:00:39,22.86,paypal,0
638,199,2024-01-25 04:20:32,19.06,card,0
639,31,2024-01-30 18:42:23,94.85,card,0
640,180,2024-02-29 04:01:56,93.63,card,0
641,23,2024-01-28 05:13:07,22.03,voucher,0
642,48,2024-01-17 18:23:21,89.34,card,0
643,109,2024-02-16 09:18:52,95.12,voucher,0
644,40,2024-02-15 19:05:05,27.58,voucher,0
645,6,2024-02-09 12:52:17,3.44,paypal,0
646,38,2024-01-29 01:03:12,0.08,card,0
647,169,2024-01-08 00:03:17,37.04,card,0
648,100,2024-01-18 11:55:00,21.09,card,0
649,27,2024-01-19 12:36:30,292.71,card,0
650,69,2024-02-13 05:45:39,74.01,paypal,1
651,57,2024-01-02 04:01:15,71.62,card,1
652,17,2024-01-10 07:06:13,155.33,card,0
653,71,2024-02-25 10:05:00,109.34,card,0
654,47,2024-02-10 21:29:41,19.15,voucher,0
655,79,2024-02-23 17:49:40,9.08,card,0
656,110,2024-02-15 08:06:52,68.5,voucher,0
657,13,2024-02-20 13:32:27,23.76,card,0
658,139,2024-01-14 23:22:08,32.04,card,0
659,124,2024-01-27 23:07:03,49.77,card,0
660,109,2024-02-23 00:32:56,119.23,card,0
661,90,2024-01-24 17:35:26,27.16,paypal,0
662,86,2024-02-12 08:53:19,76.47,card,0
663,92,2024-02-12 03:25:52,15.62,card,0
664,24,2024-01-16 00:58:03,59.86,paypal,0
665,73,2024-01-16 23:27:08,0.08,paypal,0
666,4,2024-02-21 22:30:37,102.59,paypal,0
667,113,2024-02-18 19:49:03,1.54,card,0
668,46,2024-01-21 10:10:11,62.37,card,0
669,18,2024-01-13 05:25:49,2.37,voucher,0
670,43,2024-01-17 20:03:18,15.48,crypto,0
671,161,2024-01-22 00:46:09,34.38,voucher,0
672,93,2024-01-26 07:07:48,27.23,card,0
673,103,2024-02-03 09:24:56,10.65,paypal,0
674,124,2024-02-16 17:42:24,20.31,paypal,0
675,10,2024-01-08 09:47:49,65.04,card,0
676,73,2024-01-05 20:36:41,55.32,crypto,0
677,187,2024-01-19 14:51:03,3.73,paypal,0
678,31,2024-01-18 22:40:51,68.78,card,0
679,156,2024-01-09 14:54:04,2.73,card,0
680,60,2024-01-27 17:03:37,39.15,crypto,0
681,131,2024-02-12 08:16:09,15.06,card,0
682,118,2024-02-24 04:42:11,44.3,card,0
683,183,2024-02-15 10:53:08,15.15,card,0
684,14,2024-01-07 06:11:33,209.85,card,0
685,186,2024-02-19 08:02:41,18.53,voucher,0
686,143,2024-02-28 04:34:16,13.85,card,0
687,2,2024-02-17 10:12:34,16.32,card,0
688,24,2024-01-08 21:19:33,113.4,voucher,0
689,64,2024-01-20 16:52:32,50.56,card,0
690,199,2024-02-10 14:15:30,65.59,card,0
691,100,2024-01-24 14:48:19,125.06,paypal,0
692,114,2024-01-18 18:43:43,121.45,card,0
693,24,2024-02-10 19:30:54,67.15,card,0
694,155,2024-01-14 07:55:35,11.02,paypal,0
695,165,2024-01-10 18:06:53,92.69,crypto,0
696,91,2024-01-04 07:02:47,11.39,paypal,0
697,167,2024-01-19 10:02:49,67.91,voucher,0
698,191,2024-01-10 13:39:38,57.85,paypal,0
699,26,2024-01-04 15:27:13,71.12,paypal,0
700,65,2024-01-28 01:53:08,38.04,crypto,0
701,120,2024-01-26 13:48:41,50.91,card,0
702,4,2024-02-28 09:23:37,153.22,card,0
703,157,2024-01-27 14:13:22,5.33,paypal,0
704,1,2024-02-23 22:24:17,18.47,card,0
705,50,2024-02-01 19:51:07,47.25,card,0
706,110,2024-01-20 02:08:24,166.29,card,0
707,139,2024-01-09 01:55:51,5.02,card,0
708,74,2024-02-10 11:14:15,1.14,card,0
709,187,2024-02-29 02:05:14,2.87,crypto,0
710,62,2024-01-02 18:40:06,2.69,voucher,0
711,81,2024-02-29 15:37:38,119.2,paypal,0
712,164,2024-02-06 02:19:26,63.87,crypto,0
713,56,2024-02-23 06:50:03,56.52,card,0
714,111,2024-02-08 10:08:10,36.97,card,0
715,21,2024-02-19 15:00:05,76.15,card,0
716,141,2024-02-05 17:14:22,8.46,paypal,0
717,9,2024-02-18 07:08:10,24.87,card,0
718,139,2024-01-13 22:57:35,33.67,card,0
719,70,2024-01-09 18:04:55,5.85,paypal,0
720,129,2024-02-29 22:14:29,27.19,card,1
721,118,2024-02-24 16:19:40,19.03,voucher,0
722,198,2024-02-28 10:20:44,1.81,paypal,0
723,56,2024-02-26 09:17:14,7.35,card,0
724,31,2024-02-13 15:22:34,72.2,card,0
725,37,2024-01-07 15:44:32,0.91,paypal,0
726,175,2024-02-03 16:50:07,136.1,card,0
727,91,2024-01-11 05:19:00,4.52,card,0
728,114,2024-01-23 09:12:03,80.28,card,0
729,128,2024-01-17 13:10:08,114.44,voucher,0
730,175,2024-02-18 18:43:42,141.63,card,0
731,122,2024-01-05 10:46:26,101.05,voucher,0
732,69,2024-02-18 22:33:52,16.95,crypto,1
733,186,2024-02-11 08:05:39,20.25,card,0
734,36,2024-01-16 02:26:04,27.8,paypal,0
735,32,2024-02-12 05:10:52,7.5,card,0
736,64,2024-02-24 04:13:45,1.13,card,0
737,199,2024-02-18 13:36:30,101.67,paypal,0
738,170,2024-02-04 08:30:49,40.39,paypal,0
739,48,2024-01-24 04:31:05,46.92,card,0
740,81,2024-01-10 01:50:02,130.86,voucher,0
741,158,2024-01-28 03:14:19,54.7,paypal,0
742,149,2024-02-25 03:05:30,58.7,voucher,0
743,60,2024-01-27 18:24:28,77.32,card,0
744,141,2024-02-24 16:44:35,6.18,voucher,0
745,1,2024-01-20 19:51:42,22.33,card,0
746,65,2024-01-07 00:15:12,172.43,card,0
747,33,2024-01-23 16:01:50,128.15,paypal,0
748,38,2024-01-21 21:02:19,107.74,paypal,0
749,25,2024-01-18 02:52:06,30.08,card,0
750,154,2024-02-19 01:20:45,97.31,card,0
751,59,2024-02-09 06:56:48,2.48,card,0
752,161,2024-02-08 06:27:36,8.04,paypal,0
753,101,2024-01-24 14:06:11,26.72,card,0
754,127,2024-01-13 05:35:28,33.02,card,0
755,41,2024-02-16 10:15:03,15.29,card,0
756,158,2024-01-24 09:43:12,22.04,voucher,0
757,57,2024-02-03 13:09:30,8.88,paypal,0
758,177,2024-01-24 18:48:51,33.58,paypal,0
759,48,2024-02-28 11:13:48,78.96,voucher,0
760,72,2024-02-17 07:46:34,54.14,card,0
761,177,2024-02-07 21:37:10,5.7,card,0
762,175,2024-02-24 21:59:26,33.43,card,0
763,56,2024-01-07 11:22:11,59.81,paypal,0
764,65,2024-01-10 05:04:46,37.74,card,0
765,12,2024-02-21 03:20:25,24.85,card,0
766,69,2024-02-29 21:15:58,48.63,card,1
767,134,2024-02-17 18:53:53,173.11,card,0
768,89,2024-02-14 16:10:48,4.99,card,0
769,193,2024-02-28 02:52:14,24.72,voucher,0
770,25,2024-01-23 11:28:48,26.09,paypal,0
771,1,2024-01-24 08:15:49,43.02,voucher,0
772,160,2024-01-12 05:34:43,8.25,voucher,0
773,131,2024-02-20 03:24:47,9.72,card,0
774,49,2024-02-13 14:04:03,16.8,card,0
775,147,2024-02-24 19:11:18,156.03,paypal,0
776,60,2024-01-30 22:25:38,66.23,crypto,0
777,157,2024-01-25 20:04:19,54.19,card,0
778,178,2024-02-06 18:59:25,84.9,voucher,0
779,2,2024-02-04 09:27:49,6.82,card,0
780,73,2024-02-16 09:38:24,98.07,card,0
781,184,2024-01-22 01:54:01,45.17,paypal,0
782,145,2024-02-04 23:30:16,20.42,card,0
783,188,2024-01-23 03:19:17,84.6,card,0
784,110,2024-02-24 14:01:49,81.12,card,0
785,164,2024-02-21 15:15:39,93.45,card,0
786,61,2024-01-12 00:50:00,6.14,paypal,0
787,17,2024-02-06 06:44:55,174.27,crypto,0
788,49,2024-02-26 19:54:08,160.48,crypto,0
789,76,2024-01-06 06:56:47,22.12,paypal,0
790,188,2024-02-12 00:12:05,3.41,card,0
791,148,2024-02-01 06:34:39,9.14,card,0
792,178,2024-01-04 03:03:53,246.9,card,1
793,131,2024-02-15 08:19:54,41.39,card,0
794,43,2024-02-21 16:09:07,22.05,card,0
795,57,2024-01-10 20:40:37,17.0,crypto,0
796,50,2024-02-29 23:30:09,14.85,voucher,0
797,196,2024-02-12 19:24:16,54.55,card,0
798,178,2024-01-09 21:05:31,27.18,paypal,1
799,37,2024-02-21 08:25:16,168.21,card,0
800,46,2024-02-01 02:15:34,57.58,paypal,1
801,170,2024-02-02 02:16:49,78.52,paypal,0
802,15,2024-01-19 09:17:31,17.32,card,0
803,161,2024-01-01 09:12:19,4.12,card,0
804,80,2024-02-25 03:27:31,33.45,crypto,0
805,139,2024-01-07 08:19:54,18.89,paypal,0
806,148,2024-01-04 01:11:34,11.29,crypto,0
807,24,2024-02-29 01:56:38,152.5,crypto,0
808,125,2024-01-02 22:27:58,29.35,voucher,0
809,192,2024-01-15 13:09:10,9.6,card,0
810,118,2024-02-18 01:27:57,11.07,card,0
811,80,2024-01-16 09:22:59,16.47,card,0
812,94,2024-02-12 21:10:20,364.4,card,0
813,65,2024-02-17 15:40:10,15.6,card,0
814,88,2024-02-03 04:57:04,19.93,paypal,0
815,88,2024-01-11 09:29:17,53.84,card,0
816,145,2024-02-24 04:08:27,17.4,card,0
817,126,2024-01-12 08:14:31,12.15,voucher,0
818,89,2024-01-06 14:55:31,8.64,card,0
819,61,2024-01-18 22:15:16,18.75,card,0
820,15,2024-01-21 00:01:38,5.6,paypal,0
821,94,2024-02-27 03:09:08,0.94,paypal,0
822,51,2024-02-07 13:10:28,81.65,card,0
823,27,2024-02-24 23:58:52,7.42,card,0
824,74,2024-02-14 08:07:15,74.8,paypal,0
825,61,2024-02-10 05:36:36,79.86,card,0
826,186,2024-02-20 06:51:57,38.6,card,0
827,31,2024-01-05 09:11:37,18.53,paypal,1
828,12,2024-02-27 22:12:04,7.83,card,0
829,46,2024-01-24 05:01:11,66.74,card,0
830,159,2024-01-05 10:30:14,45.99,card,0
831,32,2024-02-03 19:51:18,53.28,voucher,0
832,160,2024-01-22 00:56:15,0.44,voucher,0
833,181,2024-02-29 18:04:15,131.22,card,0
834,61,2024-01-17 03:44:03,3.43,card,0
835,46,2024-01-09 18:22:56,22.85,card,0
836,85,2024-02-09 04:48:43,25.77,card,0
837,80,2024-02-16 21:40:26,0.07,card,0
838,135,2024-01-20 13:11:42,34.37,paypal,0
839,4,2024-01-05 22:17:13,69.88,card,0
840,52,2024-02-29 05:04:09,86.66,card,0
841,159,2024-02-23 14:33:24,105.76,card,0
842,112,2024-01-30 13:35:17,33.44,card,0
843,36,2024-01-23 07:10:12,49.8,card,0
844,182,2024-02-11 13:43:08,4.14,card,0
845,54,2024-01-10 09:20:26,33.48,paypal,0
846,119,2024-02-25 04:33:35,8.41,paypal,0
847,127,2024-01-22 17:22:36,23.07,card,0
848,17,2024-02-03 05:10:03,19.97,card,1
849,75,2024-02-10 21:02:28,27.54,card,0
850,158,2024-02-08 00:16:23,42.39,card,0
851,105,2024-01-30 19:46:56,116.59,paypal,0
852,150,2024-02-20 06:22:51,25.08,card,0
853,117,2024-01-27 01:39:15,198.51,paypal,0
854,43,2024-01-21 20:06:30,71.15,paypal,0
855,112,2024-02-28 13:35:08,35.82,voucher,0
856,115,2024-02-14 10:43:50,51.64,voucher,0
857,27,2024-02-28 02:57:38,5.39,card,0
858,37,2024-02-04 06:49:11,93.06,voucher,0
859,46,2024-01-11 04:18:05,43.66,paypal,1
860,113,2024-02-02 21:31:39,213.68,paypal,0
861,35,2024-02-04 02:51:49,50.59,card,0
862,132,2024-01-17 01:28:13,89.82,crypto,0
863,80,2024-02-05 14:54:22,80.41,card,0
864,80,2024-01-04 10:06:18,21.19,crypto,0
865,154,2024-02-13 00:49:25,15.03,card,0
866,121,2024-02-10 05:42:41,28.15,paypal,0
867,147,2024-01-28 17:22:42,31.48,card,0
868,122,2024-02-04 12:13:07,13.73,card,0
869,81,2024-02-09 15:03:24,112.5,card,0
870,173,2024-01-11 18:46:56,39.1,card,0
871,154,2024-02-07 04:19:28,191.86,card,0
872,150,2024-01-04 16:28:51,83.04,card,0
873,119,2024-01-19 14:24:31,40.56,paypal,0
874,58,2024-01-17 11:30:17,146.91,crypto,0
875,63,2024-02-10 22:26:06,35.15,paypal,0
876,156,2024-02-23 20:58:10,109.07,card,0
877,193,2024-02-23 04:04:14,22.17,card,0
878,172,2024-02-10 00:43:36,23.79,card,0
879,100,2024-01-04 13:22:39,27.08,voucher,0
880,171,2024-02-27 00:33:47,39.55,crypto,0
881,165,2024-02-13 14:05:11,40.31,card,0
882,66,2024-01-08 00:19:16,34.3,card,0
883,145,2024-02-12 17:06:36,18.26,crypto,0
884,168,2024-02-13 07:48:09,131.01,crypto,0
885,166,2024-02-12 04:43:07,44.41,crypto,1
886,85,2024-02-26 21:00:30,26.19,crypto,1
887,189,2024-02-02 20:44:23,52.66,card,0
888,137,2024-01-25 03:40:33,73.04,card,0
889,189,2024-01-23 02:00:30,161.86,card,0
890,144,2024-02-18 15:15:06,34.61,card,0
891,123,2024-02-12 14:10:29,5.94,card,0
892,2,2024-02-07 06:01:30,29.06,card,0
893,106,2024-01-06 08:58:02,32.6,card,0
894,108,2024-01-02 15:37:06,113.65,card,0
895,72,2024-02-28 19:19:28,25.11,card,0
896,171,2024-02-12 19:47:15,153.23,card,0
897,126,2024-01-17 06:19:49,33.19,card,0
898,170,2024-01-05 08:19:59,182.06,crypto,0
899,57,2024-01-10 01:05:06,0.41,crypto,1
900,81,2024-01-13 17:31:44,114.54,card,0
901,195,2024-01-26 21:11:48,133.77,card,0
902,158,2024-01-14 01:24:32,162.24,card,0
903,141,2024-02-13 02:03:19,0.66,paypal,0
904,19,2024-01-07 13:43:57,9.42,card,0
905,7,2024-01-06 19:00:35,53.03,card,0
906,137,2024-02-12 11:05:02,1.29,crypto,0
907,54,2024-01-24 17:09:22,3.29,card,0
908,104,2024-02-20 00:40:24,12.49,card,0
909,86,2024-02-11 22:11:45,35.92,card,0
910,82,2024-02-10 13:38:01,39.47,card,0
911,61,2024-01-09 19:07:21,1.74,card,1
912,87,2024-02-11 13:39:50,9.34,crypto,0
913,2,2024-02-05 03:02:08,34.63,card,0
914,178,2024-01-03 03:04:05,45.06,paypal,0
915,31,2024-02-12 00:06:50,8.03,card,0
916,33,2024-02-19 16:45:46,25.44,card,0
917,80,2024-02-14 05:32:25,117.38,card,0
918,11,2024-01-13 09:40:55,340.59,card,0
919,161,2024-02-25 07:59:25,217.97,card,0
920,128,2024-01-03 22:20:16,106.72,card,0
921,135,2024-01-04 18:21:33,25.1,crypto,0
922,128,2024-02-15 11:27:11,58.01,card,0
923,31,2024-01-06 03:39:04,26.94,card,1
924,176,2024-02-06 19:15:07,52.28,card,0
925,126,2024-02-13 07:05:42,18.51,card,1
926,47,2024-02-04 10:03:54,46.6,card,0
927,181,2024-02-27 14:12:09,37.09,card,0
928,107,2024-01-09 05:57:12,1.24,card,0
929,19,2024-02-06 00:47:48,78.2,card,0
930,81,2024-02-12 04:07:19,0.6,paypal,0
931,123,2024-02-01 23:13:40,17.35,card,0
932,134,2024-01-11 14:53:08,0.3,card,0
933,107,2024-01-31 17:47:34,23.6,paypal,0
934,49,2024-02-20 05:52:36,3.26,voucher,0
935,73,2024-02-19 06:09:35,122.39,paypal,0
936,50,2024-02-04 17:50:18,26.87,card,0
937,81,2024-01-06 10:38:44,30.76,paypal,0
938,95,2024-02-19 00:52:57,21.53,card,0
939,12,2024-01-15 00:19:47,49.38,card,0
940,23,2024-01-28 18:17:38,76.72,crypto,0
941,54,2024-01-13 15:47:23,52.23,card,0
942,118,2024-01-22 10:47:28,68.96,voucher,0
943,197,2024-02-29 12:21:12,118.21,paypal,0
944,59,2024-02-14 07:51:47,99.59,paypal,0
945,164,2024-01-03 13:29:39,56.05,paypal,0
946,3,2024-02-19 02:08:19,12.08,card,0
947,58,2024-01-23 18:24:01,50.76,card,0
948,183,2024-02-26 01:12:33,35.27,crypto,0
949,57,2024-02-18 23:46:10,63.15,paypal,0
950,145,2024-02-09 16:12:06,89.47,crypto,0
951,167,2024-02-16 16:26:40,67.88,crypto,0
952,90,2024-01-12 12:54:47,93.72,voucher,0
953,196,2024-01-15 07:16:39,3.3,paypal,0
954,55,2024-02-07 08:40:32,1.61,card,0
955,45,2024-02-19 06:05:48,14.95,card,0
956,1,2024-02-06 14:22:49,115.46,paypal,0
957,21,2024-02-18 05:30:46,86.77,card,0
958,21,2024-02-21 03:17:00,57.4,card,0
959,52,2024-01-08 09:02:56,60.33,card,0
960,82,2024-02-22 00:48:02,64.85,crypto,0
961,171,2024-02-21 02:45:13,142.89,crypto,0
962,180,2024-02-05 00:37:40,89.25,paypal,0
963,67,2024-01-13 13:39:57,48.83,card,0
964,113,2024-02-26 18:52:36,54.79,paypal,0
965,44,2024-01-10 07:22:54,12.02,paypal,0
966,160,2024-01-12 14:21:36,53.55,card,0
967,10,2024-01-29 09:00:29,27.64,card,0
968,64,2024-01-08 00:13:58,8.3,card,0
969,69,2024-01-30 10:02:41,82.1,card,1
970,68,2024-02-01 11:21:39,35.69,paypal,0
971,28,2024-02-02 02:05:01,189.55,card,0
972,181,2024-01-23 12:46:42,16.54,voucher,0
973,116,2024-02-14 11:14:39,32.76,card,0
974,51,2024-01-07 18:11:09,29.71,card,0
975,181,2024-02-21 13:58:07,6.44,card,0
976,4,2024-01-15 18:37:21,27.77,card,0
977,79,2024-01-28 22:27:03,16.95,card,1
978,17,2024-02-06 23:01:48,8.74,card,0
979,108,2024-01-07 05:37:08,16.58,card,0
980,195,2024-02-01 07:30:55,13.28,card,0
981,74,2024-02-14 09:40:40,66.23,paypal,0
982,175,2024-01-20 22:37:44,1.56,card,0
983,184,2024-02-19 23:02:32,48.05,card,0
984,23,2024-01-29 01:18:49,71.49,paypal,0
985,18,2024-01-06 04:13:19,32.77,card,0
986,129,2024-01-23 06:58:33,134.09,crypto,1
987,35,2024-02-13 07:43:07,61.53,voucher,0
988,64,2024-02-04 14:20:30,68.9,card,0
989,186,2024-02-18 15:44:19,10.97,voucher,0
990,59,2024-01-08 08:58:22,75.1,paypal,0
991,1,2024-02-21 09:32:20,89.22,voucher,0
992,131,2024-02-16 14:44:33,22.41,paypal,0
993,67,2024-02-24 09:56:08,12.0,card,1
994,37,2024-01-28 00:27:07,24.31,crypto,0
995,29,2024-02-08 11:56:37,67.28,card,0
996,89,2024-02-15 14:49:11,27.03,card,0
997,161,2024-01-16 00:40:35,66.71,card,0
998,100,2024-02-05 02:52:18,6.03,card,0
999,189,2024-02-03 22:02:56,82.0,card,0
1000,122,2024-01-07 19:59:29,14.6,paypal,0
1001,90,2024-01-30 19:52:54,14.31,voucher,0
1002,132,2024-01-31 07:06:28,44.63,card,0
1003,14,2024-02-10 23:05:30,3.63,voucher,0
1004,161,2024-01-27 20:21:51,1.33,voucher,0
1005,150,2024-02-08 21:38:13,15.12,card,0
1006,176,2024-02-27 17:25:03,38.62,card,0
1007,131,2024-01-14 18:01:36,119.09,crypto,0
1008,85,2024-01-25 04:12:13,93.68,paypal,1
1009,151,2024-02-18 07:29:49,33.71,paypal,0
1010,196,2024-01-27 23:55:58,1.89,paypal,0
1011,21,2024-01-17 22:19:13,38.31,card,0
1012,171,2024-02-12 08:13:06,61.0,card,1
1013,26,2024-01-18 11:44:02,20.71,card,0
1014,41,2024-02-09 20:29:22,5.89,card,0
1015,122,2024-02-13 14:01:21,16.33,paypal,0
1016,38,2024-02-22 05:44:13,73.83,crypto,0
1017,88,2024-02-15 14:13:12,21.63,card,0
1018,11,2024-02-05 06:58:33,83.56,voucher,0
1019,29,2024-01-19 14:16:40,19.25,card,0
1020,60,2024-01-25 12:56:19,8.93,paypal,0
1021,195,2024-02-01 04:22:52,28.62,paypal,0
1022,193,2024-01-19 00:11:29,30.1,voucher,0
1023,61,2024-01-09 07:47:59,0.81,paypal,0
1024,147,2024-02-27 20:50:35,6.22,card,0
1025,174,2024-01-14 17:22:29,10.22,voucher,0
1026,177,2024-01-24 20:15:10,6.03,paypal,0
1027,22,2024-01-11 23:36:12,20.89,card,0
1028,78,2024-02-12 14:58:13,167.08,paypal,0
1029,113,2024-01-20 22:44:49,35.59,crypto,0
1030,185,2024-01-26 17:11:52,49.38,card,0
1031,123,2024-02-16 23:48:39,22.03,card,0
1032,142,2024-02-16 18:44:04,19.54,crypto,0
1033,44,2024-02-03 04:37:45,1.17,paypal,0
1034,144,2024-01-31 21:33:40,34.69,card,0
1035,97,2024-02-25 03:56:14,33.04,card,0
1036,77,2024-01-26 17:33:50,8.59,card,0
1037,140,2024-02-21 22:27:33,72.26,paypal,0
1038,55,2024-01-14 14:02:03,33.93,crypto,0
1039,51,2024-02-17 01:20:12,20.7,card,0
1040,102,2024-02-11 16:49:10,7.94,card,0
1041,167,2024-02-15 21:05:28,40.17,card,0
1042,161,2024-02-16 20:51:53,69.88,paypal,0
1043,161,2024-01-26 16:31:57,16.56,card,0
1044,29,2024-01-24 08:33:19,12.35,card,0
1045,69,2024-01-24 19:19:14,36.9,card,0
1046,198,2024-01-16 13:43:07,8.44,paypal,0
1047,159,2024-01-23 13:22:39,54.92,card,0
1048,80,2024-01-20 03:29:13,46.49,card,0
1049,31,2024-01-01 23:21:49,4.56,voucher,1
1050,112,2024-01-10 19:38:49,1.86,card,0
1051,46,2024-02-13 14:28:06,48.42,card,0
1052,97,2024-02-05 00:21:50,17.43,voucher,0
1053,52,2024-01-05 15:45:50,4.52,card,0
1054,138,2024-02-22 19:56:44,71.24,card,0
1055,74,2024-02-08 16:49:11,18.85,card,0
1056,41,2024-01-19 12:32:09,30.77,paypal,0
1057,77,2024-01-29 11:56:58,13.51,card,0
1058,131,2024-01-20 16:06:42,49.35,crypto,0
1059,187,2024-01-17 04:56:47,17.94,card,0
1060,114,2024-02-12 00:20:59,172.13,card,0
1061,52,2024-02-14 11:38:40,60.69,paypal,0
1062,162,2024-01-24 02:20:37,7.35,voucher,0
1063,177,2024-02-16 23:23:28,26.95,card,0
1064,156,2024-01-25 13:08:31,24.34,crypto,0
1065,87,2024-02-01 05:45:00,38.21,card,0
1066,109,2024-02-03 16:58:43,92.24,card,0
1067,141,2024-02-05 08:41:21,43.78,card,0
1068,69,2024-01-13 03:35:00,3.18,paypal,0
1069,120,2024-01-23 13:57:12,53.27,card,0
1070,67,2024-01-14 06:21:51,0.41,card,1
1071,61,2024-02-14 09:52:43,75.7,card,1
1072,188,2024-02-03 02:08:47,54.93,card,0
1073,71,2024-02-19 22:44:54,18.47,voucher,0
1074,152,2024-02-19 11:09:57,17.3,voucher,0
1075,191,2024-02-04 19:18:54,80.04,paypal,0
1076,189,2024-02-27 12:40:33,76.47,card,0
1077,151,2024-02-16 05:05:44,21.72,card,0
1078,30,2024-01-31 20:08:36,17.76,paypal,0
1079,188,2024-01-10 11:20:28,41.03,voucher,0
1080,146,2024-01-27 20:57:49,0.42,card,0
1081,96,2024-02-23 19:32:21,4.31,crypto,0
1082,56,2024-01-17 06:25:43,6.74,voucher,0
1083,53,2024-01-28 11:40:10,10.25,crypto,0
1084,7,2024-01-29 16:47:09,35.87,card,0
1085,97,2024-01-17 13:13:04,242.95,card,0
1086,197,2024-02-07 11:31:20,52.87,card,0
1087,113,2024-02-25 00:34:30,3.16,card,0
1088,125,2024-02-05 05:23:35,37.28,card,0
1089,200,2024-02-20 10:09:06,34.32,card,0
1090,180,2024-02-09 09:03:00,7.78,paypal,0
1091,132,2024-02-19 01:25:13,126.46,card,0
1092,162,2024-01-06 20:16:30,29.06,card,0
1093,197,2024-01-22 12:07:34,260.69,paypal,0
1094,161,2024-01-03 13:57:13,27.24,paypal,0
1095,121,2024-01-30 06:44:00,46.82,paypal,0
1096,197,2024-01-21 17:08:15,5.53,card,0
1097,38,2024-01-21 20:14:40,30.28,paypal,0
1098,122,2024-01-21 21:10:11,13.64,card,0
1099,26,2024-02-01 16:26:37,90.26,card,0
1100,129,2024-02-14 19:08:29,76.61,paypal,0
1101,4,2024-01-30 03:35:06,86.91,card,0
1102,39,2024-01-12 04:21:52,64.3,card,0
1103,54,2024-02-09 00:01:31,89.39,card,0
1104,161,2024-02-25 22:52:38,11.21,card,0
1105,33,2024-02-12 17:30:57,30.08,card,0
1106,200,2024-02-07 22:10:17,58.86,crypto,0
1107,20,2024-02-29 22:45:41,50.72,card,0
1108,16,2024-01-26 18:45:29,63.0,voucher,0
1109,149,2024-01-15 07:30:14,12.7,card,0
1110,173,2024-02-26 10:13:06,5.18,card,0
1111,127,2024-01-16 11:06:48,124.33,card,0
1112,87,2024-02-11 00:29:53,41.07,card,0
1113,82,2024-01-02 17:17:42,8.35,paypal,0
1114,62,2024-02-22 03:28:36,78.86,card,0
1115,31,2024-02-25 21:33:36,123.21,card,0
1116,42,2024-01-22 21:12:43,9.29,paypal,0
1117,12,2024-01-05 02:43:02,85.03,card,0
1118,65,2024-02-05 15:54:11,135.32,crypto,0
1119,73,2024-01-11 15:11:30,139.32,paypal,0
1120,131,2024-02-03 15:27:37,122.76,card,0
1121,115,2024-01-07 23:17:46,39.53,card,0
1122,137,2024-02-29 07:48:08,22.02,card,0
1123,106,2024-02-26 11:46:01,0.36,crypto,0
1124,179,2024-02-02 05:01:20,3.14,card,0
1125,16,2024-02-06 07:43:48,28.0,card,0
1126,78,2024-02-10 10:48:46,25.49,card,0
1127,125,2024-02-13 01:06:27,10.21,card,0
1128,131,2024-02-03 10:41:30,25.17,card,0
1129,152,2024-01-26 17:15:28,9.6,crypto,0
1130,141,2024-01-29 21:46:33,94.45,card,0
1131,130,2024-01-26 11:17:55,17.7,voucher,0
1132,199,2024-02-03 14:36:41,45.64,crypto,0
1133,112,2024-02-26 19:40:59,34.94,card,0
1134,127,2024-01-26 08:40:31,2.66,card,0
1135,21,2024-01-08 11:03:33,142.57,card,0
1136,147,2024-01-21 08:23:53,37.46,paypal,0
1137,89,2024-02-02 23:03:50,19.66,card,0
1138,47,2024-01-28 13:41:14,8.61,voucher,0
1139,150,2024-01-07 01:10:18,20.66,paypal,0
1140,161,2024-01-17 13:13:07,1.04,card,0
1141,160,2024-02-19 01:50:49,22.59,paypal,0
1142,192,2024-02-18 12:45:15,37.91,card,0
1143,85,2024-02-05 12:09:12,102.73,crypto,0
1144,167,2024-01-17 07:18:44,58.14,card,0
1145,128,2024-02-24 08:06:29,5.92,card,0
1146,72,2024-02-26 13:46:28,7.99,card,0
1147,42,2024-02-13 16:00:36,27.94,crypto,0
1148,9,2024-02-13 21:46:15,10.89,card,0
1149,25,2024-01-28 19:05:11,1.41,voucher,0
1150,2,2024-02-23 14:35:31,81.74,card,0
1151,19,2024-02-09 06:36:10,0.99,card,0
1152,20,2024-01-31 22:39:46,88.8,card,0
1153,70,2024-01-13 08:04:40,7.78,card,1
1154,17,2024-02-03 13:56:53,183.8,card,0
1155,124,2024-02-15 03:04:37,46.3,card,0
1156,89,2024-01-25 18:36:56,66.4,paypal,0
1157,196,2024-01-30 18:18:05,5.85,card,0
1158,94,2024-01-31 14:31:37,99.06,card,1
1159,84,2024-02-05 19:19:49,91.38,card,0
1160,131,2024-01-09 19:01:37,52.92,paypal,0
1161,87,2024-01-05 10:04:12,34.89,card,0
1162,51,2024-01-05 20:42:53,63.91,card,0
1163,82,2024-01-28 20:00:07,0.3,card,0
1164,154,2024-01-08 13:56:45,44.88,paypal,0
1165,184,2024-02-05 09:37:54,94.0,crypto,0
1166,192,2024-02-25 09:47:07,22.07,card,0
1167,8,2024-01-12 13:23:51,5.73,card,0
1168,165,2024-01-04 13:20:37,27.31,crypto,0
1169,121,2024-01-11 13:57:48,64.93,voucher,0
1170,155,2024-02-05 04:44:24,5.68,paypal,0
1171,173,2024-01-02 11:54:22,11.54,voucher,0
1172,4,2024-01-06 19:03:16,7.98,paypal,0
1173,86,2024-02-29 17:14:00,79.71,paypal,0
1174,128,2024-01-27 03:25:09,3.25,card,0
1175,110,2024-01-11 02:35:39,58.01,card,0
1176,99,2024-01-31 14:28:40,22.82,card,0
1177,37,2024-01-28 20:06:18,70.49,crypto,0
1178,71,2024-01-16 22:33:58,166.75,voucher,0
1179,33,2024-02-20 13:03:21,6.08,paypal,0
1180,31,2024-02-27 01:42:19,18.87,card,1
1181,183,2024-02-24 07:48:53,83.07,card,0
1182,125,2024-02-07 13:14:21,15.47,card,0
1183,12,2024-01-25 21:11:05,12.11,card,0
1184,11,2024-02-11 11:55:09,87.26,paypal,0
1185,88,2024-01-02 03:31:38,217.46,voucher,0
1186,72,2024-02-02 20:22:08,40.7,card,0
1187,32,2024-01-05 09:29:45,16.29,card,0
1188,57,2024-02-25 06:06:55,25.42,paypal,1
1189,166,2024-01-01 01:08:59,9.32,card,0
1190,188,2024-01-16 15:12:16,71.75,crypto,0
1191,86,2024-01-19 04:05:47,74.24,card,0
1192,19,2024-01-01 04:52:38,104.02,card,0
1193,116,2024-01-15 15:26:14,1.35,card,0
1194,184,2024-01-01 10:52:16,41.27,card,0
1195,14,2024-02-27 14:05:37,12.06,card,0
1196,33,2024-01-26 22:08:05,20.84,card,0
1197,10,2024-01-16 04:39:36,76.85,card,0
1198,80,2024-02-22 09:36:10,10.66,card,0
1199,192,2024-01-05 09:13:59,50.85,card,0
1200,64,2024-02-21 20:57:40,53.15,card,0
1201,190,2024-02-22 15:35:40,154.06,card,0
1202,68,2024-02-09 20:11:09,74.62,paypal,0
1203,92,2024-01-12 22:58:52,81.39,voucher,0
1204,125,2024-02-25 14:34:20,37.92,card,0
1205,171,2024-01-21 18:11:43,10.34,card,0
1206,80,2024-01-18 20:33:08,27.72,card,0
1207,59,2024-02-16 05:25:33,39.87,card,0
1208,180,2024-01-11 04:25:41,56.73,paypal,0
1209,97,2024-02-21 17:57:41,46.79,crypto,0
1210,19,2024-02-21 19:43:43,25.04,paypal,0
1211,149,2024-02-17 16:09:22,15.42,card,0
1212,22,2024-01-24 17:51:44,9.21,card,0
1213,9,2024-01-02 20:01:29,59.18,voucher,0
1214,9,2024-01-31 21:46:48,51.84,card,0
1215,27,2024-02-06 09:11:37,58.14,card,0
1216,17,2024-02-16 15:46:49,23.3,voucher,0
1217,172,2024-02-28 22:58:42,15.22,paypal,0
1218,45,2024-01-04 13:10:39,71.3,paypal,0
1219,8,2024-02-06 02:47:25,74.28,card,0
1220,146,2024-02-12 10:38:48,30.41,card,0
1221,125,2024-02-06 21:23:24,47.33,card,0
1222,123,2024-01-05 02:31:24,23.38,paypal,0
1223,33,2024-02-10 19:20:40,60.52,card,0
1224,1,2024-01-12 02:03:37,90.31,crypto,0
1225,6,2024-01-20 17:07:20,58.28,crypto,0
1226,41,2024-01-28 11:06:39,35.93,card,0
1227,183,2024-02-06 02:22:49,30.69,card,1
1228,5,2024-01-18 17:55:58,51.41,card,0
1229,187,2024-02-17 12:53:39,56.94,paypal,0
1230,80,2024-01-08 20:40:32,40.9,paypal,0
1231,18,2024-01-15 01:32:37,49.03,paypal,0
1232,177,2024-02-06 02:44:48,5.08,card,0
1233,82,2024-01-20 22:48:25,151.58,card,0
1234,65,2024-02-26 08:32:20,78.22,paypal,0
1235,83,2024-02-27 03:20:33,23.41,card,1
1236,182,2024-01-01 11:29:09,41.37,paypal,0
1237,189,2024-01-18 01:35:41,2.42,paypal,0
1238,136,2024-02-25 16:37:52,2.11,card,0
1239,131,2024-02-03 00:37:28,14.44,card,0
1240,25,2024-02-11 17:58:24,58.51,card,0
1241,69,2024-01-06 23:46:18,95.58,card,0
1242,183,2024-01-11 14:27:58,40.96,paypal,1
1243,168,2024-01-31 15:12:31,37.98,paypal,0
1244,82,2024-01-31 21:31:10,25.73,crypto,0
1245,178,2024-02-17 12:08:32,8.81,paypal,0
1246,117,2024-02-15 13:03:10,6.3,card,0
1247,95,2024-02-01 00:58:43,71.5,card,0
1248,33,2024-02-12 17:02:27,131.21,crypto,0
1249,111,2024-02-09 23:45:09,30.65,card,0
1250,146,2024-01-09 14:59:36,53.86,paypal,0
1251,125,2024-01-20 05:52:56,122.94,paypal,0
1252,185,2024-01-18 15:51:27,4.72,card,0
1253,16,2024-01-20 23:13:06,73.59,card,1
1254,80,2024-02-14 16:05:26,47.96,card,0
1255,38,2024-02-22 07:22:03,45.64,crypto,0
1256,169,2024-02-08 17:03:54,17.3,card,0
1257,135,2024-01-25 04:41:51,57.58,voucher,0
1258,78,2024-02-12 07:06:21,79.19,card,0
1259,181,2024-02-05 13:23:01,5.99,voucher,0
1260,63,2024-02-22 13:39:11,38.13,card,0
1261,112,2024-01-10 22:56:51,5.34,card,0
1262,89,2024-01-12 07:19:30,103.01,crypto,0
1263,160,2024-02-29 00:30:35,35.43,crypto,0
1264,38,2024-01-11 20:50:31,82.5,card,0
1265,150,2024-01-03 06:17:55,22.95,paypal,0
1266,144,2024-01-03 23:02:24,6.68,crypto,0
1267,52,2024-01-27 17:05:46,2.12,card,0
1268,29,2024-02-27 05:01:09,16.53,card,0
1269,144,2024-01-10 09:12:41,14.0,crypto,0
1270,76,2024-01-07 09:03:05,41.09,card,0
1271,145,2024-01-15 10:34:56,1.1,card,0
1272,64,2024-02-03 02:35:53,36.76,paypal,0
1273,91,2024-02-29 02:23:03,24.86,card,0
1274,89,2024-02-25 14:16:44,43.03,card,0
1275,13,2024-01-07 00:25:11,60.6,voucher,0
1276,72,2024-01-01 16:55:39,50.27,card,0
1277,184,2024-02-14 00:53:39,208.81,crypto,0
1278,5,2024-02-05 10:15:39,7.44,crypto,0
1279,12,2024-02-11 04:48:25,28.08,card,0
1280,169,2024-02-26 11:36:19,27.65,card,0
1281,3,2024-02-11 04:02:50,26.98,card,0
1282,33,2024-02-28 12:00:33,54.5,card,0
1283,121,2024-02-17 05:02:29,33.65,paypal,0
1284,50,2024-01-16 14:06:43,36.43,paypal,0
1285,184,2024-02-28 00:45:04,28.31,card,0
1286,137,2024-01-25 06:33:49,239.57,card,0
1287,178,2024-02-17 15:39:35,131.25,card,0
1288,29,2024-02-14 20:07:57,18.39,card,0
1289,39,2024-01-13 07:10:34,5.92,card,0
1290,91,2024-01-12 11:58:41,91.56,card,0
1291,100,2024-02-28 06:21:07,293.38,paypal,0
1292,173,2024-01-13 14:06:48,17.31,card,0
1293,17,2024-01-21 10:39:53,22.14,card,1
1294,56,2024-01-10 03:58:44,142.05,paypal,0
1295,46,2024-02-27 19:46:31,62.09,card,0
1296,67,2024-02-29 21:26:24,17.52,card,0
1297,197,2024-02-09 12:02:43,43.5,card,0
1298,142,2024-01-25 00:26:57,144.33,card,0
1299,67,2024-01-17 15:42:40,83.52,card,0
1300,23,2024-01-20 11:55:45,67.71,voucher,0
1301,94,2024-01-11 06:33:40,66.78,card,0
1302,189,2024-01-30 04:54:41,9.8,voucher,0
1303,151,2024-01-30 12:42:03,87.06,card,0
1304,155,2024-01-07 13:22:43,16.16,card,0
1305,54,2024-01-02 03:42:59,133.23,card,0
1306,138,2024-01-30 12:48:59,22.68,card,0
1307,77,2024-01-08 19:35:55,97.48,card,0
1308,16,2024-02-22 05:47:07,15.48,card,1
1309,41,2024-02-17 12:55:13,36.13,card,0
1310,98,2024-02-15 13:11:50,5.65,card,0
1311,183,2024-01-30 11:05:10,53.96,card,0
1312,128,2024-02-13 15:43:32,90.42,card,0
1313,61,2024-02-10 15:30:22,63.37,card,0
1314,86,2024-02-27 11:09:15,37.04,paypal,0
1315,118,2024-02-29 00:45:26,2.31,crypto,0
1316,100,2024-01-11 15:56:09,135.48,card,0
1317,49,2024-02-08 16:31:27,61.12,card,0
1318,180,2024-02-04 02:29:38,68.49,card,0
1319,2,2024-02-27 08:50:11,79.16,crypto,0
1320,120,2024-01-08 22:56:25,68.87,card,0
1321,178,2024-02-04 18:40:46,29.09,paypal,0
1322,123,2024-01-11 19:14:49,66.14,card,0
1323,86,2024-01-20 21:39:13,49.05,card,0
1324,171,2024-01-20 09:24:11,96.21,card,0
1325,77,2024-01-23 15:02:19,81.09,card,0
1326,136,2024-01-14 22:59:00,2.11,crypto,0
1327,59,2024-01-11 11:46:18,23.81,card,0
1328,193,2024-02-08 14:24:37,1.77,card,0
1329,12,2024-01-03 09:25:15,5.38,card,0
1330,4,2024-01-30 07:41:27,45.99,paypal,0
1331,117,2024-02-28 13:49:41,103.5,card,0
1332,95,2024-02-15 06:25:37,6.38,card,0
1333,125,2024-01-13 13:21:14,29.99,card,0
1334,41,2024-01-19 23:03:55,120.89,card,0
1335,123,2024-02-13 02:27:18,84.18,paypal,0
1336,7,2024-01-27 10:36:58,36.66,card,0
1337,69,2024-01-06 19:37:40,73.83,card,0
1338,69,2024-01-29 13:34:52,36.98,card,1
1339,81,2024-01-03 05:43:35,8.6,voucher,0
1340,30,2024-01-27 10:23:25,6.66,card,0
1341,73,2024-02-25 22:59:02,10.44,card,0
1342,6,2024-01-26 19:40:58,21.61,voucher,0
1343,89,2024-01-10 03:05:30,133.34,card,0
1344,147,2024-02-21 07:46:33,80.39,voucher,0
1345,66,2024-02-23 11:40:50,28.35,card,0
1346,10,2024-01-27 04:15:25,33.97,card,0
1347,144,2024-02-01 22:19:00,15.44,paypal,0
1348,37,2024-02-02 20:07:32,60.93,crypto,0
1349,77,2024-01-04 13:36:03,81.17,card,0
1350,77,2024-02-01 12:37:19,13.65,voucher,0
1351,32,2024-01-06 10:09:46,2.14,card,0
1352,47,2024-02-15 23:37:18,48.89,crypto,0
1353,110,2024-02-11 15:09:25,41.34,card,0
1354,200,2024-01-19 15:29:31,25.72,card,0
1355,171,2024-02-28 13:18:22,51.63,voucher,1
1356,120,2024-01-27 21:53:33,39.99,voucher,0
1357,164,2024-02-16 08:21:51,14.42,card,0
1358,154,2024-01-05 01:44:10,25.35,card,0
1359,10,2024-01-12 19:03:59,27.94,card,0
1360,159,2024-02-05 01:07:02,106.12,card,0
1361,97,2024-01-23 08:43:20,162.09,card,0
1362,157,2024-02-07 22:57:25,111.75,card,0
1363,5,2024-01-22 05:07:31,63.5,card,0
1364,77,2024-01-19 23:40:33,43.97,paypal,0
1365,1,2024-02-17 21:54:07,58.44,card,0
1366,131,2024-01-05 05:23:53,139.93,card,0
1367,67,2024-01-10 07:20:08,14.38,card,1
1368,199,2024-01-28 15:39:25,38.3,paypal,0
1369,163,2024-01-02 22:51:54,58.5,card,0
1370,15,2024-01-25 12:09:21,56.85,card,0
1371,195,2024-02-12 13:59:08,14.54,paypal,0
1372,93,2024-01-20 13:13:39,44.18,crypto,0
1373,30,2024-01-22 09:05:15,79.46,paypal,0
1374,103,2024-02-19 01:25:16,32.23,voucher,0
1375,82,2024-01-18 10:54:31,78.82,paypal,0
1376,75,2024-02-21 08:40:00,22.31,paypal,0
1377,171,2024-02-02 13:20:38,139.65,card,0
1378,60,2024-02-08 19:09:21,38.17,card,0
1379,40,2024-01-01 13:32:42,45.31,card,0
1380,193,2024-01-10 14:52:52,1.59,card,0
1381,157,2024-01-08 21:02:59,9.33,card,0
1382,74,2024-02-11 16:39:15,50.11,card,0
1383,121,2024-02-09 08:22:10,27.23,paypal,0
1384,147,2024-01-25 06:47:22,35.48,card,0
1385,3,2024-01-30 01:34:24,3.25,card,0
1386,36,2024-01-24 20:40:06,89.83,voucher,0
1387,43,2024-02-08 00:47:39,76.74,card,0
1388,143,2024-01-06 09:29:00,10.25,card,0
1389,169,2024-02-28 02:51:15,50.3,card,0
1390,115,2024-01-26 01:18:32,85.27,crypto,0
1391,109,2024-02-12 12:50:49,51.2,card,0
1392,90,2024-02-08 12:06:45,18.58,paypal,0
1393,164,2024-01-23 23:50:50,53.37,card,0
1394,84,2024-02-26 03:02:12,11.82,card,0
1395,77,2024-01-02 10:55:40,19.15,card,0
1396,161,2024-02-11 17:32:05,13.73,paypal,0
1397,5,2024-02-18 20:33:57,40.7,crypto,0
1398,78,2024-02-15 01:57:52,5.73,paypal,0
1399,91,2024-02-27 14:24:34,135.39,paypal,0
1400,87,2024-02-25 11:54:09,20.29,card,0
1401,14,2024-02-26 04:35:01,12.36,paypal,0
1402,104,2024-01-08 18:29:08,34.31,card,0
1403,196,2024-02-22 06:08:41,16.22,paypal,0
1404,83,2024-01-25 02:12:56,38.28,card,1
1405,175,2024-01-09 01:12:38,21.42,card,0
1406,54,2024-02-28 02:11:46,7.08,card,0
1407,132,2024-02-23 19:54:39,15.46,card,0
1408,95,2024-01-19 03:07:54,28.85,card,0
1409,9,2024-01-27 11:30:11,1.54,paypal,0
1410,53,2024-02-11 11:22:16,73.62,card,0
1411,77,2024-02-27 15:44:18,48.62,card,0
1412,60,2024-01-26 21:53:12,45.98,paypal,0
1413,46,2024-02-11 18:14:45,39.49,card,0
1414,54,2024-02-10 20:13:34,44.62,paypal,0
1415,74,2024-02-13 23:58:26,136.4,card,0
1416,112,2024-01-10 12:24:54,0.43,voucher,0
1417,95,2024-01-30 15:19:57,2.45,card,0
1418,165,2024-01-13 00:09:56,10.63,card,0
1419,23,2024-02-08 06:10:42,9.15,card,0
1420,27,2024-02-12 18:18:47,10.0,card,0
1421,70,2024-01-19 04:40:32,55.73,voucher,0
1422,194,2024-01-19 11:53:23,30.76,card,0
1423,109,2024-01-14 03:54:36,240.05,card,0
1424,189,2024-01-09 01:13:24,12.87,card,0
1425,77,2024-02-15 03:50:07,18.61,crypto,0
1426,179,2024-02-21 18:16:30,207.52,card,0
1427,50,2024-01-11 10:23:39,89.12,voucher,0
1428,124,2024-01-21 13:20:37,31.72,card,0
1429,19,2024-02-27 23:05:11,40.44,card,0
1430,1,2024-01-01 05:24:44,92.63,card,0
1431,40,2024-01-06 22:39:53,32.79,crypto,0
1432,160,2024-01-22 17:07:15,11.54,crypto,0
1433,22,2024-01-20 02:35:20,88.14,card,0
1434,112,2024-01-06 16:48:58,38.58,card,0
1435,194,2024-01-15 23:04:30,8.31,paypal,0
1436,40,2024-02-21 15:58:44,35.22,card,0
1437,38,2024-01-30 04:44:03,26.65,card,0
1438,48,2024-01-02 05:53:56,104.71,card,0
1439,183,2024-01-09 17:45:12,6.74,card,0
1440,75,2024-01-07 03:04:26,104.06,card,0
1441,183,2024-02-28 09:53:07,35.89,card,0
1442,179,2024-02-19 22:57:45,25.91,card,0
1443,107,2024-02-14 04:16:32,8.83,crypto,0
1444,188,2024-01-29 12:32:01,60.34,card,0
1445,8,2024-01-01 19:12:28,130.73,paypal,0
1446,86,2024-02-03 23:32:12,23.53,card,0
1447,68,2024-01-10 06:21:10,13.83,paypal,0
1448,75,2024-02-04 06:33:46,40.47,card,0
1449,200,2024-02-29 14:42:51,79.53,paypal,0
1450,137,2024-01-28 02:14:34,0.19,card,0
1451,90,2024-02-09 18:55:23,49.9,crypto,0
1452,130,2024-02-03 05:07:47,45.38,card,0
1453,80,2024-01-01 09:50:22,19.15,card,0
1454,95,2024-01-23 00:18:00,30.02,voucher,0
1455,70,2024-01-03 01:34:58,14.18,card,0
1456,90,2024-01-20 23:26:33,78.01,card,0
1457,59,2024-02-15 06:51:20,50.33,voucher,0
1458,147,2024-02-12 08:49:01,38.04,card,0
1459,28,2024-01-24 04:57:21,24.92,card,0
1460,72,2024-02-25 01:24:22,17.22,voucher,0
1461,14,2024-01-01 00:38:13,86.51,card,0
1462,24,2024-02-25 11:44:50,30.02,crypto,0
1463,112,2024-02-23 07:51:09,34.8,card,0
1464,44,2024-01-24 08:05:59,36.78,paypal,0
1465,56,2024-02-04 20:03:05,29.74,card,0
1466,120,2024-02-02 03:51:59,14.79,voucher,0
1467,179,2024-01-29 05:00:37,6.41,card,0
1468,32,2024-01-22 14:33:24,5.19,card,0
1469,178,2024-01-20 08:56:53,70.83,paypal,0
1470,169,2024-01-14 18:10:40,12.65,card,0
1471,194,2024-02-25 17:17:12,2.86,paypal,0
1472,25,2024-02-19 18:34:21,79.86,crypto,0
1473,116,2024-02-27 13:47:10,8.37,card,0
1474,189,2024-01-30 15:49:50,49.06,paypal,0
1475,66,2024-01-31 09:56:23,20.67,card,0
1476,42,2024-02-15 19:08:29,6.76,card,0
1477,193,2024-02-20 07:24:51,26.76,card,0
1478,164,2024-02-06 23:26:56,0.75,paypal,0
1479,76,2024-02-12 15:24:38,91.96,card,0
1480,137,2024-02-28 13:25:07,36.03,paypal,0
1481,164,2024-01-09 16:08:53,7.49,card,0
1482,38,2024-02-03 01:09:40,13.52,paypal,0
1483,161,2024-01-29 05:20:58,29.71,card,0
1484,170,2024-02-13 13:12:08,10.47,crypto,0
1485,61,2024-01-04 02:36:38,15.64,card,1
1486,174,2024-01-03 05:05:37,38.22,card,0
1487,89,2024-02-07 03:02:48,89.37,card,0
1488,189,2024-02-02 22:16:40,25.69,paypal,0
1489,18,2024-01-12 03:06:46,63.11,card,0
1490,70,2024-02-05 00:09:28,104.65,paypal,0
1491,82,2024-02-09 01:58:17,12.19,card,0
1492,116,2024-01-13 02:44:16,82.3,paypal,1
1493,80,2024-01-24 17:00:17,70.82,card,0
1494,15,2024-02-11 08:52:08,22.08,card,0
1495,176,2024-02-06 11:53:41,227.91,card,0
1496,200,2024-02-22 03:12:28,15.23,card,0
1497,13,2024-02-22 21:21:21,14.71,card,0
1498,119,2024-01-23 13:26:52,73.98,voucher,0
1499,43,2024-02-12 17:19:09,28.52,voucher,0
1500,188,2024-01-18 08:42:09,20.08,paypal,0
